name,email,company
Patricia Lebsack,Julianne.OConner@kory.org,Robel-Corkery
Nicholas Runolfsdottir V,Sherwood@rosamond.me,Abernathy Group
Chelsey Dietrich,Lucio_Hettinger@annie.ca,Keebler LLC
Mrs. Dennis Schulist,Karley_Dach@jasper.info,Considine-Lockman
Patricia Lebsack,Julianne.OConner@kory.org,Robel-Corkery
Glenna Reichert,Chaim_McDermott@dana.io,Yost and Sons
Clementine Bauch,Nathan@yesenia.net,Romaguera-Jacobson
Patricia Lebsack,Julianne.OConner@kory.org,Robel-Corkery
Ervin Howell,Shanna@melissa.tv,Deckow-Crist
Clementine Bauch,Nathan@yesenia.net,Romaguera-Jacobson
Clementina DuBuque,Rey.Padberg@karina.biz,Hoeger LLC
Nicholas Runolfsdottir V,Sherwood@rosamond.me,Abernathy Group
Clementina DuBuque,Rey.Padberg@karina.biz,Hoeger LLC
Patricia Lebsack,Julianne.OConner@kory.org,Robel-Corkery
Glenna Reichert,Chaim_McDermott@dana.io,Yost and Sons
Patricia Lebsack,Julianne.OConner@kory.org,Robel-Corkery
Chelsey Dietrich,Lucio_Hettinger@annie.ca,Keebler LLC
Nicholas Runolfsdottir V,Sherwood@rosamond.me,Abernathy Group
Clementine Bauch,Nathan@yesenia.net,Romaguera-Jacobson
Mrs. Dennis Schulist,Karley_Dach@jasper.info,Considine-Lockman
Clementine Bauch,Nathan@yesenia.net,Romaguera-Jacobson
Kurtis Weissnat,Telly.Hoeger@billy.biz,Johns Group
